{"accuracy": [0.6706249713897705, 0.7631250023841858, 0.8268749713897705, 0.8518750071525574, 0.8681250214576721, 0.8812500238418579, 0.9024999737739563, 0.9225000143051147, 0.925000011920929, 0.9318749904632568, 0.9518749713897705, 0.9456250071525574, 0.9518749713897705, 0.9549999833106995, 0.9612500071525574], "loss": [2.5481770038604736, 0.986464262008667, 0.5294191241264343, 0.39329227805137634, 0.37049806118011475, 0.3675142526626587, 0.2642408311367035, 0.19648019969463348, 0.19113267958164215, 0.1875535547733307, 0.14662805199623108, 0.14395193755626678, 0.12411396205425262, 0.11607550829648972, 0.1293202042579651], "val_accuracy": [0.8700000047683716, 0.8949999809265137, 0.9100000262260437, 0.8899999856948853, 0.9200000166893005, 0.8999999761581421, 0.9200000166893005, 0.9150000214576721, 0.9150000214576721, 0.9100000262260437, 0.9049999713897705, 0.9100000262260437, 0.9150000214576721, 0.9100000262260437, 0.925000011920929], "val_loss": [0.5321502089500427, 0.3288862705230713, 0.3338271677494049, 0.2959640324115753, 0.2538717985153198, 0.3433060944080353, 0.3328208029270172, 0.3465164601802826, 0.347930908203125, 0.3513372540473938, 0.4220201373100281, 0.4172751307487488, 0.3690037131309509, 0.4688602387905121, 0.34998753666877747]}