{"accuracy": [0.8202742338180542, 0.8496571779251099, 0.8674094080924988, 0.8675318360328674, 0.868021547794342, 0.8767139911651611, 0.877815842628479, 0.8834475874900818, 0.8855289220809937, 0.8337414264678955, 0.858961820602417, 0.8573701977729797, 0.8672869801521301, 0.8764691352844238, 0.8772037029266357, 0.8785504698753357, 0.8809990286827087, 0.8868756294250488, 0.898016631603241, 0.8987511992454529, 0.897649347782135, 0.9015671014785767, 0.904260516166687, 0.9019343852996826, 0.904260516166687, 0.9097698330879211], "loss": [0.5562878847122192, 0.3859139680862427, 0.3207722306251526, 0.3181578516960144, 0.32161054015159607, 0.2998678386211395, 0.29877182841300964, 0.29126816987991333, 0.282155305147171, 0.5631095767021179, 0.34976813197135925, 0.34993982315063477, 0.3172321319580078, 0.3107803165912628, 0.2999313473701477, 0.2926674485206604, 0.29474037885665894, 0.2772558033466339, 0.2525438666343689, 0.24597537517547607, 0.24568068981170654, 0.24317437410354614, 0.23929361999034882, 0.24326318502426147, 0.23384205996990204, 0.21717984974384308], "val_accuracy": [0.8344759941101074, 0.8432908654212952, 0.8237022757530212, 0.8912830352783203, 0.8893241882324219, 0.8207639455795288, 0.8912830352783203, 0.8932419419288635, 0.8756121397018433, 0.7561214566230774, 0.8648384213447571, 0.8158667683601379, 0.8540646433830261, 0.874632716178894, 0.8903036117553711, 0.8726738691329956, 0.8795298933982849, 0.8854064345359802, 0.9079334139823914, 0.8942213654518127, 0.9138100147247314, 0.9147894382476807, 0.9049950838088989, 0.9049950838088989, 0.901077389717102, 0.9187071323394775], "val_loss": [0.4657084345817566, 0.45516178011894226, 0.44653037190437317, 0.2804780602455139, 0.295795202255249, 0.4412294328212738, 0.2778335213661194, 0.27814847230911255, 0.2988232970237732, 1.1612169742584229, 0.42909353971481323, 0.5677171945571899, 0.47790536284446716, 0.36601030826568604, 0.2701835632324219, 0.3580939471721649, 0.2766284644603729, 0.29526013135910034, 0.2401621788740158, 0.2592563033103943, 0.2315548211336136, 0.23356996476650238, 0.2663053572177887, 0.23088419437408447, 0.2437317967414856, 0.21818870306015015]}