{"accuracy": [0.8466525077819824, 0.8873172998428345, 0.9025223851203918, 0.9127770066261292, 0.9186704158782959, 0.9264497756958008, 0.9316360354423523, 0.9314002990722656, 0.9341112971305847, 0.9409476518630981, 0.9438943862915039, 0.9483734369277954], "loss": [0.40893253684043884, 0.27233678102493286, 0.2376999408006668, 0.21579734981060028, 0.19776371121406555, 0.16903220117092133, 0.17103378474712372, 0.15528638660907745, 0.1440473049879074, 0.13416381180286407, 0.12839116156101227, 0.10781404376029968], "val_accuracy": [0.9000942707061768, 0.9123468399047852, 0.9142318367958069, 0.9114043116569519, 0.9095193147659302, 0.9161168932914734, 0.9114043116569519, 0.9170593619346619, 0.9142318367958069, 0.9142318367958069, 0.9170593619346619, 0.9114043116569519], "val_loss": [0.2727065980434418, 0.23220092058181763, 0.22988849878311157, 0.22858946025371552, 0.3038846254348755, 0.23524241149425507, 0.25191354751586914, 0.2878739535808563, 0.29988235235214233, 0.27154725790023804, 0.28381869196891785, 0.3221939206123352]}