{"accuracy": [0.8025000095367432, 0.8943750262260437, 0.9168750047683716, 0.9237499833106995, 0.9443749785423279, 0.9368749856948853, 0.9456250071525574, 0.9624999761581421, 0.9674999713897705], "loss": [0.5379191040992737, 0.24168220162391663, 0.2048657238483429, 0.17779222130775452, 0.14149075746536255, 0.1580980271100998, 0.11942005902528763, 0.08111923187971115, 0.07578588277101517], "val_accuracy": [0.8949999809265137, 0.9049999713897705, 0.9150000214576721, 0.8999999761581421, 0.9200000166893005, 0.9150000214576721, 0.925000011920929, 0.9350000023841858, 0.9300000071525574], "val_loss": [0.2452864646911621, 0.23197847604751587, 0.22095999121665955, 0.185109481215477, 0.26773497462272644, 0.20358741283416748, 0.2133539766073227, 0.2632308900356293, 0.3012975752353668]}