{"accuracy": [0.7743750214576721, 0.8787500262260437, 0.8881250023841858, 0.9243749976158142, 0.9287499785423279, 0.9368749856948853, 0.9318749904632568, 0.9156249761581421, 0.9312499761581421], "loss": [0.6109902858734131, 0.2819001078605652, 0.2521144151687622, 0.183177188038826, 0.14852333068847656, 0.1352936029434204, 0.12313283979892731, 0.14530247449874878, 0.12064958363771439], "val_accuracy": [0.8999999761581421, 0.8450000286102295, 0.8799999952316284, 0.9200000166893005, 0.9200000166893005, 0.9049999713897705, 0.9200000166893005, 0.9100000262260437, 0.8849999904632568], "val_loss": [0.24358077347278595, 0.4215664267539978, 0.2215263396501541, 0.2183942198753357, 0.22609828412532806, 0.27953287959098816, 0.2499491572380066, 0.2971038222312927, 0.40968936681747437]}