{"accuracy": [0.8131250143051147, 0.8918750286102295, 0.9193750023841858, 0.9318749904632568, 0.9556249976158142, 0.9624999761581421, 0.9674999713897705, 0.9750000238418579, 0.9725000262260437, 0.9806249737739563, 0.9825000166893005, 0.9743750095367432, 0.9862499833106995, 0.9837499856948853, 0.981249988079071, 0.9793750047683716], "loss": [0.9120697975158691, 0.3030864894390106, 0.21659433841705322, 0.16756440699100494, 0.11330287903547287, 0.07531813532114029, 0.07529290020465851, 0.05875460058450699, 0.05622145161032677, 0.04239392653107643, 0.04058729112148285, 0.04413340985774994, 0.032976433634757996, 0.03776045888662338, 0.036114610731601715, 0.04245558753609657], "val_accuracy": [0.8899999856948853, 0.9150000214576721, 0.8999999761581421, 0.9200000166893005, 0.9150000214576721, 0.9300000071525574, 0.9200000166893005, 0.9300000071525574, 0.9300000071525574, 0.9350000023841858, 0.9200000166893005, 0.925000011920929, 0.925000011920929, 0.925000011920929, 0.9350000023841858, 0.925000011920929], "val_loss": [0.25604698061943054, 0.2789471745491028, 0.2592737376689911, 0.3028559386730194, 0.29228243231773376, 0.2940283715724945, 0.34501898288726807, 0.34467175602912903, 0.3514772355556488, 0.3459029495716095, 0.36228492856025696, 0.3637145757675171, 0.37394943833351135, 0.3761039972305298, 0.36371248960494995, 0.3644227087497711]}