{"accuracy": [0.7316250205039978, 0.7622500061988831, 0.7714999914169312, 0.7835000157356262, 0.7993749976158142, 0.8105000257492065, 0.8117499947547913, 0.8183749914169312, 0.8192499876022339, 0.8230000138282776, 0.8241249918937683, 0.8395000100135803, 0.8367499709129333], "loss": [0.8851224184036255, 0.4877316653728485, 0.4633893072605133, 0.43636128306388855, 0.4191746413707733, 0.3966871201992035, 0.3911222815513611, 0.3864322006702423, 0.3912564814090729, 0.37955769896507263, 0.3701249957084656, 0.35950738191604614, 0.358192503452301], "val_accuracy": [0.7960000038146973, 0.7580000162124634, 0.7879999876022339, 0.5049999952316284, 0.8180000185966492, 0.828000009059906, 0.7799999713897705, 0.8349999785423279, 0.7429999709129333, 0.8169999718666077, 0.7910000085830688, 0.7670000195503235, 0.6980000138282776], "val_loss": [0.5932903289794922, 0.45036235451698303, 0.4260464012622833, 1.8224856853485107, 0.3560142517089844, 0.3380175828933716, 0.43467962741851807, 0.36620956659317017, 0.5083591938018799, 0.3941218852996826, 0.3873479664325714, 0.449770987033844, 0.6982254981994629]}