{"accuracy": [0.830033004283905, 0.8501886129379272, 0.8605610728263855, 0.8645685911178589, 0.8677510619163513, 0.8750589489936829, 0.882720410823822, 0.884134829044342, 0.8887317180633545, 0.8930928707122803, 0.8913248181343079, 0.893917977809906, 0.8966289758682251, 0.9051154851913452, 0.9026402831077576], "loss": [0.5464273691177368, 0.35065382719039917, 0.34093835949897766, 0.33164486289024353, 0.3346945643424988, 0.29940515756607056, 0.28533807396888733, 0.2772684097290039, 0.27459537982940674, 0.27030619978904724, 0.2668246328830719, 0.261455237865448, 0.26083797216415405, 0.23926234245300293, 0.23369130492210388], "val_accuracy": [0.7888784408569336, 0.8275212049484253, 0.8199811577796936, 0.8708765506744385, 0.8416588306427002, 0.8784165978431702, 0.8595664501190186, 0.7115928530693054, 0.8991517424583435, 0.9085767865180969, 0.8991517424583435, 0.8850141167640686, 0.8369462490081787, 0.9095193147659302, 0.8916116952896118], "val_loss": [0.8009571433067322, 0.34385421872138977, 0.5881410241127014, 0.4401053488254547, 0.7677092552185059, 0.2752038240432739, 0.3635751008987427, 0.5120029449462891, 0.261053204536438, 0.2440723180770874, 0.27267247438430786, 0.25627920031547546, 0.4735490083694458, 0.24073606729507446, 0.2623545527458191]}