{"accuracy": [0.6943749785423279, 0.7931249737739563, 0.8374999761581421, 0.8506249785423279, 0.8693749904632568, 0.8481249809265137, 0.8987500071525574, 0.9012500047683716, 0.8993750214576721, 0.8537499904632568, 0.9043750166893005, 0.8287500143051147, 0.8931249976158142, 0.909375011920929, 0.9243749976158142], "loss": [0.7740991711616516, 0.4288526773452759, 0.3633360266685486, 0.34457361698150635, 0.2862516939640045, 0.3196145296096802, 0.23887771368026733, 0.21916507184505463, 0.23884189128875732, 0.2689018249511719, 0.1966540515422821, 0.3049161732196808, 0.2916424870491028, 0.21569713950157166, 0.1813880354166031], "val_accuracy": [0.824999988079071, 0.8450000286102295, 0.8550000190734863, 0.8550000190734863, 0.8799999952316284, 0.8899999856948853, 0.8799999952316284, 0.8700000047683716, 0.8500000238418579, 0.925000011920929, 0.8199999928474426, 0.8600000143051147, 0.8899999856948853, 0.8849999904632568, 0.9049999713897705], "val_loss": [0.3968866467475891, 0.33021220564842224, 0.3469705879688263, 0.343237966299057, 0.32050570845603943, 0.26342928409576416, 0.31839776039123535, 0.3525159955024719, 0.33255741000175476, 0.23814928531646729, 0.4690975248813629, 0.33008766174316406, 0.29796046018600464, 0.2907414734363556, 0.27330073714256287]}