{
    "accuracy": [
        0.5868750214576721,
        0.5018749833106995,
        0.5024999976158142,
        0.5043749809265137,
        0.5056250095367432,
        0.4975000023841858,
        0.5049999952316284,
        0.4925000071525574,
        0.48750001192092896,
        0.49312499165534973,
        0.5,
        0.4868749976158142
    ],
    "loss": [
        313.14276123046875,
        3.7452142238616943,
        2.1298422813415527,
        1.4232819080352783,
        0.6982651352882385,
        0.690562903881073,
        0.6905302405357361,
        0.7359514832496643,
        0.7001097202301025,
        0.6932029128074646,
        0.6931261420249939,
        0.6932315230369568
    ],
    "val_accuracy": [
        0.7350000143051147,
        0.5400000214576721,
        0.49000000953674316,
        0.5249999761581421,
        0.5249999761581421,
        0.5249999761581421,
        0.5249999761581421,
        0.49000000953674316,
        0.49000000953674316,
        0.49000000953674316,
        0.49000000953674316,
        0.5
    ],
    "val_loss": [
        2.8646600246429443,
        0.671467661857605,
        1.5517795085906982,
        0.6775274872779846,
        0.6775149703025818,
        0.6775314807891846,
        0.6775344014167786,
        0.6948803663253784,
        0.6949264407157898,
        0.6949431896209717,
        0.6949365139007568,
        0.6949309706687927
    ]
}