{"accuracy": [0.8302500247955322, 0.8532500267028809, 0.8576250076293945, 0.8713750243186951, 0.8783749938011169, 0.8713750243186951, 0.8817499876022339, 0.8878750205039978, 0.8868749737739563, 0.8861250281333923, 0.8953750133514404, 0.8913750052452087, 0.9042500257492065, 0.909375011920929, 0.9078750014305115, 0.9081249833106995, 0.905875027179718, 0.9114999771118164, 0.9161249995231628, 0.9175000190734863, 0.918624997138977, 0.9203749895095825, 0.9190000295639038, 0.9211249947547913, 0.918749988079071, 0.9210000038146973, 0.9223750233650208, 0.9236249923706055, 0.9284999966621399, 0.9259999990463257, 0.9271249771118164, 0.9273750185966492], "loss": [0.5489941239356995, 0.36637550592422485, 0.35743483901023865, 0.30124446749687195, 0.2887187898159027, 0.32113179564476013, 0.2924923598766327, 0.276108056306839, 0.272488534450531, 0.2716330587863922, 0.2586577832698822, 0.2700331211090088, 0.23763887584209442, 0.23126374185085297, 0.23574095964431763, 0.2263265699148178, 0.2325882911682129, 0.2210608422756195, 0.21308693289756775, 0.2039545774459839, 0.20118464529514313, 0.20128215849399567, 0.20419248938560486, 0.1973659098148346, 0.19820281863212585, 0.19280675053596497, 0.18790583312511444, 0.1826855093240738, 0.1801389455795288, 0.17707206308841705, 0.18308338522911072, 0.17890417575836182], "val_accuracy": [0.6990000009536743, 0.8159999847412109, 0.8519999980926514, 0.8550000190734863, 0.8109999895095825, 0.8669999837875366, 0.7870000004768372, 0.828000009059906, 0.8920000195503235, 0.8529999852180481, 0.8849999904632568, 0.8619999885559082, 0.8889999985694885, 0.8659999966621399, 0.9039999842643738, 0.8960000276565552, 0.9020000100135803, 0.8600000143051147, 0.8930000066757202, 0.906000018119812, 0.9039999842643738, 0.9150000214576721, 0.9089999794960022, 0.8960000276565552, 0.8989999890327454, 0.906000018119812, 0.906000018119812, 0.8960000276565552, 0.9100000262260437, 0.9120000004768372, 0.9120000004768372, 0.9120000004768372], "val_loss": [0.9777320027351379, 0.5024920701980591, 0.3618289530277252, 0.4043229818344116, 0.5430262684822083, 0.42850980162620544, 0.4700966775417328, 0.40134623646736145, 0.2664645314216614, 0.3349367082118988, 0.2527492642402649, 0.3238167464733124, 0.2672697901725769, 0.3310409188270569, 0.245006263256073, 0.27260681986808777, 0.24897637963294983, 0.35246172547340393, 0.2546140253543854, 0.255047082901001, 0.24678590893745422, 0.24901160597801208, 0.24254070222377777, 0.3155969977378845, 0.2688266634941101, 0.26907625794410706, 0.2700563967227936, 0.2827507555484772, 0.26480743288993835, 0.2707013189792633, 0.27242812514305115, 0.2638494074344635]}