{"accuracy": [0.7365000247955322, 0.8240000009536743, 0.8402500152587891, 0.8517500162124634, 0.8585000038146973, 0.8640000224113464, 0.8706250190734863, 0.8723750114440918, 0.8715000152587891, 0.8740000128746033, 0.878125011920929, 0.8793749809265137, 0.8791249990463257, 0.8827499747276306, 0.8837500214576721, 0.8867499828338623, 0.8883749842643738, 0.8914999961853027, 0.8886250257492065, 0.8866249918937683, 0.8882499933242798, 0.8899999856948853], "loss": [0.7102806568145752, 0.41475680470466614, 0.36760398745536804, 0.3483036756515503, 0.3283790349960327, 0.32491862773895264, 0.31031447649002075, 0.3072255551815033, 0.29967397451400757, 0.30137771368026733, 0.2930636405944824, 0.28901752829551697, 0.28580886125564575, 0.2776768207550049, 0.283318430185318, 0.2731444239616394, 0.2689603865146637, 0.2618419826030731, 0.2641267776489258, 0.27174413204193115, 0.2720886468887329, 0.26642370223999023], "val_accuracy": [0.8450000286102295, 0.8730000257492065, 0.8730000257492065, 0.8640000224113464, 0.8790000081062317, 0.8880000114440918, 0.8799999952316284, 0.890999972820282, 0.8849999904632568, 0.8849999904632568, 0.8830000162124634, 0.8970000147819519, 0.8970000147819519, 0.8930000066757202, 0.8939999938011169, 0.8880000114440918, 0.8859999775886536, 0.8880000114440918, 0.8899999856948853, 0.890999972820282, 0.8899999856948853, 0.8949999809265137], "val_loss": [0.35785067081451416, 0.32113200426101685, 0.3167898654937744, 0.3068040609359741, 0.28684231638908386, 0.28224629163742065, 0.2780332565307617, 0.2750069797039032, 0.26887431740760803, 0.2758103609085083, 0.2694176137447357, 0.26486217975616455, 0.26572322845458984, 0.2657259702682495, 0.2624862790107727, 0.26310238242149353, 0.26124462485313416, 0.26069673895835876, 0.2582690715789795, 0.25745123624801636, 0.25582873821258545, 0.25599023699760437]}